customer_id,customer_name,email,city,state,signup_date
1,Christopher Stafford,cheyenne12@example.net,East Rodney,North Dakota,2025-09-23
2,Michael Clark,swalsh@example.com,Whiteton,Kentucky,2026-03-20
3,Kimberly Hall,williamselizabeth@example.com,Port Terriland,Wisconsin,2024-11-08
4,Rose Smith,hthomas@example.com,North Jonathan,South Dakota,2025-08-27
5,Jessica Freeman,walkertim@example.com,South Travismouth,New Jersey,2024-12-05
6,Victoria Garcia,nicolemurray@example.org,Jessicatown,Mississippi,2025-07-16
7,Benjamin Macias,lisa04@example.org,Williamsburgh,Mississippi,2025-11-22
8,Rebecca Stephens,amanda27@example.org,Port Davidmouth,Colorado,2025-08-21
9,Andrew Adkins,lstephens@example.com,Paulaburgh,Arizona,2026-06-04
10,Alexis Hensley,jameslynch@example.com,Michaelmouth,Iowa,2024-08-15
11,Jessica Miller,hernandezanthony@example.com,Port Marie,Minnesota,2025-08-29
12,Clifford Marsh,taylordorothy@example.net,Lake Mark,Maine,2025-10-11
13,Tracy Tucker,cynthia55@example.com,East Beckybury,New Jersey,2025-12-21
14,Philip Johnson,sandragross@example.net,Randolphmouth,Arkansas,2025-08-01
15,Cory Pineda,brittany31@example.org,Port Joan,Colorado,2025-05-12
16,Sandra Dixon,lopezgrant@example.net,South Jenniferbury,Delaware,2026-01-22
17,Leslie Young,martin59@example.org,Dyermouth,Tennessee,2026-02-02
18,Damon Higgins,lucaschristopher@example.org,Thomasville,West Virginia,2025-01-04
19,Ronald Green,avaldez@example.net,Chambersview,Wisconsin,2025-07-21
20,Allen Hill,lauren59@example.net,New Cassandra,Colorado,2025-04-14
21,James Mason,petergonzalez@example.org,East Jerry,Florida,2026-02-20
22,Kristen Higgins,nhernandez@example.com,Port Dylan,Hawaii,2025-07-05
23,Patrick Pena,harmonrebecca@example.net,Sandrastad,Utah,2024-08-21
24,Christopher Schwartz,riveraalejandro@example.org,Thomasview,Alabama,2026-03-04
25,Mrs. Crystal George,uellison@example.org,Joneston,Maine,2025-12-22
26,Douglas Barnes,daughertystephen@example.com,Port Samanthahaven,Georgia,2025-12-04
27,Tina Medina,pgriffin@example.com,South Karenshire,Ohio,2025-11-30
28,Raymond Marsh,xschultz@example.net,Sanchezmouth,Oklahoma,2024-09-17
29,Kevin Middleton,simpsondonna@example.org,East Barbarafort,Kentucky,2024-09-24
30,Jennifer Smith,fdavis@example.org,East Joshua,Connecticut,2024-07-18
31,Karen Tucker,moralesmichael@example.com,Lynnton,Connecticut,2024-11-20
32,Alicia Estrada,michaeljones@example.org,South Ashley,New Jersey,2025-05-14
33,Bradley Scott,kclark@example.com,East Alexandraborough,North Carolina,2026-05-31
34,Randy Hughes Jr.,davidashley@example.com,Susanbury,West Virginia,2025-06-23
35,Richard English,perezkimberly@example.com,New Christinatown,Maine,2025-09-11
36,Isaac Keller,johnsondarren@example.net,South Ericview,California,2026-04-08
37,Dr. Penny Moore,yatesbrooke@example.com,Kaylaburgh,South Dakota,2024-12-24
38,Thomas Hogan MD,bryananderson@example.com,Erikton,Pennsylvania,2025-04-12
39,Elijah Hanson,nfox@example.org,Hessview,Texas,2025-10-25
40,Heidi Vargas,hannahbowen@example.com,Marieview,Arkansas,2024-08-28
41,Heather Patterson,jeffrey24@example.com,Williamfurt,Mississippi,2026-01-26
42,Michelle Pace,samuel64@example.com,South Nancyburgh,Georgia,2026-04-09
43,Andrew Burnett,jessica01@example.org,North Tamiborough,New Jersey,2025-12-21
44,Kathy Hicks,kmills@example.org,North Amandaville,Washington,2024-09-09
45,Lisa Barry,wsmith@example.net,New Sheenaview,Hawaii,2024-10-31
46,Roberto Pittman,bullockkirsten@example.com,Jasmineberg,Oregon,2025-06-11
47,Scott Wagner,kellyallen@example.com,New Cassandra,New Jersey,2024-10-14
48,Michael Williams,fnavarro@example.net,Louisview,Montana,2024-12-06
49,Courtney Holmes,amy91@example.org,Greenton,South Dakota,2025-05-27
50,Alexander Santana,christopherweiss@example.com,Millerfurt,Georgia,2026-01-14
51,Emily Sherman,wrightjoseph@example.com,East Kevin,Mississippi,2025-09-27
52,Anne Wilson,huffrandy@example.com,West Susanshire,North Carolina,2025-04-12
53,Nicholas Taylor,johnwiley@example.org,Robertsberg,West Virginia,2024-11-03
54,Steven Arnold DDS,jonathan16@example.net,Judithborough,Alabama,2024-11-01
55,Kenneth Medina,marvin00@example.org,West Richardhaven,Wisconsin,2024-09-25
56,Derek Duncan,callen@example.net,Jonville,Kansas,2024-09-10
57,Billy Taylor,osbornegregory@example.org,Davishaven,Delaware,2025-12-26
58,Terri Scott,douglasdavis@example.org,Justinburgh,Michigan,2025-03-06
59,Mark Ross,reesekayla@example.org,Danielchester,Maryland,2025-10-09
60,Nicholas Cantrell,sherylsutton@example.com,East Benjaminhaven,Idaho,2024-09-24
61,Timothy Gay,hayeskyle@example.com,Danabury,Colorado,2025-02-06
62,Tonya Steele,christianrobinson@example.org,New Carmen,South Dakota,2026-02-19
63,Krystal Hughes,tranalex@example.org,Andersonview,Idaho,2025-01-26
64,Stephanie Lewis,lbeck@example.com,West Amanda,Kentucky,2025-08-25
65,Juan Miller,dianemendez@example.com,Philipville,Tennessee,2025-01-14
66,Lisa Perry,blakehoward@example.com,Brendanmouth,Michigan,2025-10-29
67,Tammie Banks,rileyerica@example.com,Brookeberg,Hawaii,2026-05-31
68,Derek Brown,randolphsydney@example.com,Mitchellside,Georgia,2026-04-21
69,Luke Smith,bortiz@example.org,Juanfurt,Iowa,2025-02-03
70,Timothy Gardner,kanemaria@example.net,Williamstown,Oklahoma,2025-09-18
71,James Alexander,cookvictoria@example.org,New Sherry,South Carolina,2025-04-29
72,Misty Clements,james07@example.net,New Thomaschester,Georgia,2024-08-17
73,Jennifer Rogers,smithkeith@example.org,Alanborough,Alabama,2025-08-15
74,Adam Ferguson,carloswalker@example.com,Crystalfurt,Nebraska,2025-05-03
75,Jacqueline Austin,devin41@example.net,Lake Maria,Iowa,2025-11-12
76,Brenda Rollins,martinjack@example.net,Davidberg,New Jersey,2024-07-24
77,Tracy Jacobs,hernandezsteve@example.com,Grantton,Alaska,2026-02-13
78,Monica Richmond,maxwelljerry@example.com,Kevinberg,North Carolina,2026-03-17
79,Brandon Adams,vgreene@example.net,New Robert,Idaho,2025-12-01
80,Vicki Daniels,timothygordon@example.net,Wagnerfort,Minnesota,2025-03-16
81,Jordan Young,debra68@example.com,Cainshire,Vermont,2025-10-13
82,Keith Anderson,perrygloria@example.org,South Christopherfurt,Maryland,2026-03-26
83,Jordan Li,joneswalter@example.org,Port Sabrinafort,Wyoming,2025-02-20
84,Peggy Goodman,dean96@example.org,Jamesmouth,Virginia,2024-09-19
85,Samuel Orr,carrchristina@example.org,Morrisonberg,Ohio,2026-03-12
86,Stephanie Cooper,carl67@example.com,New Michael,Virginia,2024-10-30
87,Gabriel Thompson,adamsnicole@example.org,Michealmouth,Oklahoma,2025-10-23
88,Jacob Herring,matthew77@example.com,Blankenshipberg,Rhode Island,2025-04-18
89,Rita Baker,victoria36@example.net,Cynthiafurt,Maryland,2026-03-10
90,Wendy Fisher,stacy13@example.com,Dianachester,West Virginia,2025-12-02
91,Andrea Mckenzie,josephryan@example.org,East Richard,Tennessee,2025-12-17
92,Shelly Holmes,xdixon@example.com,East Anna,Wisconsin,2025-04-01
93,Nicole Johnson,nhernandez@example.com,Lake Christopher,Mississippi,2025-02-16
94,Susan Mcdonald,douglasshelia@example.org,Sarahside,Maryland,2025-10-10
95,David Hill,kevinbarker@example.org,South Davidburgh,Colorado,2025-05-31
96,Tracy Jackson,christopher61@example.com,North Aliciastad,California,2024-12-26
97,Michael Johnson,davidgonzales@example.net,Torresstad,North Dakota,2025-03-22
98,Miguel Martinez,thompsonelizabeth@example.net,East Amanda,Minnesota,2025-05-10
99,Virginia Farley,ifoster@example.net,Victoriahaven,Florida,2026-02-17
100,Rebecca Murillo,dfox@example.net,Newmantown,Alaska,2026-06-04
101,Mary Waters,fullerdakota@example.net,Lake Joel,Ohio,2025-11-08
102,Mrs. Deanna Charles,markgarcia@example.org,East Nicole,Georgia,2026-04-30
103,Alyssa Pratt,bbrown@example.net,New Susanberg,Alabama,2024-07-15
104,Craig Wilson,fbuchanan@example.net,Brandonmouth,California,2025-08-25
105,Sherry Perez,tiffanythomas@example.org,Elliston,New York,2025-07-14
106,Lisa Bryan,woodanne@example.net,Mauricebury,South Dakota,2024-07-29
107,Mia Smith,daviddickerson@example.com,New Stephen,Mississippi,2024-08-11
108,Kellie Coffey,michael91@example.org,New Michaelview,Nebraska,2026-03-26
109,Alexandra Dickerson,jill20@example.org,North Jameshaven,Virginia,2026-02-21
110,David Miller,kathleenrobinson@example.com,Smithborough,Kansas,2026-01-05
111,Kenneth Rivera,sandovaleric@example.org,East Danielle,Kentucky,2026-04-19
112,Alexandra Wright,bhenry@example.org,Shannonstad,Rhode Island,2025-06-25
113,Mr. James Fuller,melissagarcia@example.net,Kochville,Georgia,2024-11-13
114,Christopher Morrow,kristine02@example.net,North Vincentfurt,Utah,2025-01-11
115,Melissa Davis,isheppard@example.net,Murraychester,Indiana,2025-10-14
116,Christina Lopez,christina11@example.net,South Joseph,Indiana,2024-11-28
117,Kevin Cantu,myersgina@example.net,Arthurville,Washington,2024-09-08
118,Savannah Chaney,kristinwilliams@example.org,Allenfort,Kentucky,2026-04-02
119,Julie Smith,angeltran@example.org,Haydenton,Rhode Island,2026-04-09
120,Laura Mcdaniel,kaylahodges@example.org,Kaitlynbury,Idaho,2025-12-26
121,Jacqueline Reed,victorianeal@example.net,East Ryanbury,Ohio,2025-08-25
122,Luke Stevenson,amberwatts@example.net,Codyville,Utah,2024-09-13
123,Corey Rhodes,nicolasbautista@example.com,West Stephenside,Colorado,2025-03-01
124,Jose Reynolds,howarddavid@example.net,Kaitlinborough,Ohio,2025-08-28
125,Christopher Bell,iwilliams@example.com,Brentberg,Massachusetts,2025-02-14
126,James Thompson,xlevine@example.com,Estesport,Virginia,2026-02-11
127,Barbara Kelly,theresa09@example.net,New Christinastad,New Jersey,2025-12-22
128,Destiny Stokes,hhood@example.net,Trevorton,Montana,2026-01-13
129,Cynthia Lindsey,mckenzienelson@example.org,West Erica,Indiana,2025-07-30
130,Nicole Wilson,victor39@example.org,South Stephen,Connecticut,2026-04-25
131,Ariel Sanchez,ingrampatrick@example.com,Martinezmouth,West Virginia,2025-05-22
132,Erica Matthews,robert73@example.com,West Thomaston,Utah,2026-01-01
133,Jared Owen,coleemily@example.org,Lake Benjamin,West Virginia,2025-10-24
134,Kyle Jimenez,vsosa@example.net,West Markshire,Wyoming,2024-11-17
135,Michael Ortega,loweseth@example.com,West Jason,North Dakota,2025-11-23
136,Ashley Dixon,kelleylisa@example.net,South Angelamouth,South Carolina,2025-10-06
137,Madison Davis,wolfdonald@example.com,Lake Zachary,South Carolina,2025-08-05
138,Christian White,johnjenkins@example.net,Johntown,Colorado,2025-09-05
139,George Ball,christopherrodriguez@example.net,New Robynmouth,New Mexico,2024-08-06
140,Erika Richardson,reedtodd@example.org,Davidton,Vermont,2024-11-16
141,Lauren Williams,thomasthomas@example.net,Valdezside,Louisiana,2026-04-02
142,Nicole Hunt,hawkinsnicole@example.com,Brianshire,Michigan,2026-04-02
143,Thomas Lin,matthewsphillip@example.com,Lake Timothytown,Arkansas,2025-02-05
144,Sheri Church,kjones@example.com,Fisherville,Michigan,2025-08-03
145,Mark Mayo,duanejones@example.net,Sancheztown,West Virginia,2024-08-04
146,Robert Mueller,jesse50@example.com,Codyland,Connecticut,2026-06-06
147,Nicole Huang,wjones@example.org,Jonesmouth,South Dakota,2025-08-29
148,James Jennings,sandramcclain@example.org,Michaelfurt,Rhode Island,2026-05-27
149,Megan Adkins,alyssawilliams@example.com,East Cassiehaven,Michigan,2025-04-11
150,Hannah Brown,oneilljulie@example.com,Stephenland,North Carolina,2025-05-18
151,Zachary Frazier,michaelturner@example.net,Port Karen,Maine,2024-08-09
152,Michelle Clark,iburke@example.org,New Beth,Florida,2025-05-08
153,Dean Johnson,cohenveronica@example.org,New Monicashire,Virginia,2025-03-10
154,Jacob Morgan,robertssteven@example.org,Valerieland,Arizona,2024-09-18
155,Ryan Meyer,gmartinez@example.org,North Catherine,Oregon,2026-05-12
156,Cynthia Robertson,kaitlyn17@example.net,Kimview,Minnesota,2025-01-03
157,Edward Harris,kelly42@example.org,Sawyerstad,Iowa,2025-01-26
158,Nicole Oconnor,ricky30@example.org,Port Cody,Oregon,2025-01-17
159,Steven Mcdonald,aprilmack@example.org,New Crystalport,Rhode Island,2026-03-20
160,Olivia Reed,lynnmcdonald@example.org,West Patrick,Illinois,2024-11-25
161,Matthew Cabrera,youngcarol@example.net,North Tyler,Arizona,2026-04-02
162,Natasha Campbell,msims@example.net,East Morganside,Maryland,2025-07-04
163,Miguel Roberts,wwilliams@example.net,Brownchester,New York,2024-12-08
164,Heather Griffith,gonzalezkristin@example.com,Danielborough,Montana,2026-01-11
165,Leonard Munoz,michaeldoyle@example.net,North Leslie,Virginia,2026-04-12
166,Randy Garcia MD,timothyperry@example.com,East Rachael,Texas,2026-06-02
167,Alexander Caldwell,beltranchristopher@example.org,New Elizabeth,New Mexico,2025-03-31
168,Christopher Fisher,carlacollins@example.com,Port Megan,Mississippi,2024-11-27
169,Monique Brooks,mosleyfrances@example.org,Lake Charles,Oklahoma,2024-11-11
170,Diane Craig,karen77@example.org,East Julie,Colorado,2025-02-09
171,Lori Ferguson,benjaminblack@example.org,Lloydhaven,Tennessee,2024-09-24
172,Monique Martin,arodriguez@example.org,South Joel,Washington,2025-10-21
173,Veronica Gomez,owalker@example.net,Lake Brandon,Florida,2024-11-19
174,Terry Turner,xcarr@example.org,East Laurenfurt,Michigan,2024-07-14
175,Catherine Ramirez,dennis11@example.com,Elizabethberg,Tennessee,2026-05-23
176,Gary Shah,genejones@example.com,Leeview,Kansas,2025-04-07
177,Jason Long,richardsandrew@example.net,Michelleland,Montana,2025-05-06
178,Isaac Myers,brendanhernandez@example.net,Cooktown,Rhode Island,2025-06-16
179,Jason Greene,jessicamitchell@example.com,Adrianport,Texas,2025-08-23
180,Jason White,pcraig@example.com,West Kennethfort,Michigan,2024-08-18
181,Nicholas Hunt,yvalencia@example.net,West Rhondaview,Colorado,2026-03-17
182,Erin Ferguson,michaelryan@example.org,North Carolynborough,Wyoming,2025-03-31
183,Harry Ramos,joshua40@example.org,Michelleborough,Florida,2025-06-29
184,Joseph Swanson,jessicalucero@example.org,Taylorborough,Connecticut,2024-12-10
185,Terry Pollard,gthomas@example.net,New Donaldchester,New Hampshire,2025-07-23
186,Shannon Nolan,currysusan@example.com,Rodneyfort,Indiana,2025-07-15
187,Steven Hunter,duartebrett@example.net,Lake Gordon,Vermont,2026-03-16
188,Timothy Johnson,leachmichael@example.net,East Ashley,Florida,2025-05-20
189,Anthony Fleming,timothy78@example.net,Amandaton,New Mexico,2024-08-15
190,Jeffrey Morales,cnicholson@example.org,East Jamesfort,Missouri,2025-01-11
191,Kayla Rodriguez,nataliejohnson@example.net,Leslieland,Virginia,2026-04-24
192,Brittany Young,smithchelsea@example.org,Johnsonton,Vermont,2025-04-25
193,Tiffany Andrade,sarahjackson@example.com,Mitchellburgh,Rhode Island,2024-08-28
194,Melissa Davis,hansonshawn@example.com,West Michaelside,Oregon,2024-12-26
195,Jessica Brown,iramirez@example.net,Rogersview,Delaware,2025-05-02
196,Kevin Griffin,rnavarro@example.org,Hughesburgh,Hawaii,2026-06-06
197,Natalie Sparks,cameron30@example.org,New Deniseview,California,2025-04-08
198,Jack Walker,carlsonashley@example.org,Lake Alyssahaven,Tennessee,2025-08-19
199,Alexandra Wong,adam42@example.com,Port Crystalhaven,Illinois,2024-10-30
200,Jill Andrews,swalker@example.org,South Richardland,Washington,2026-03-10
